Company ID,Ticker symbol,Security,SEC filings,GICS Sector,GICS Sub Industry,Address of Headquarters,Date first added,CIK
1,MMM,3M Company,reports,Industrials,Industrial Conglomerates,"St. Paul, Minnesota",,66740
2,ABT,Abbott Laboratories,reports,Health Care,Health Care Equipment,"North Chicago, Illinois",3/31/64,1800
3,ABBV,AbbVie,reports,Health Care,Pharmaceuticals,"North Chicago, Illinois",12/31/12,1551152
4,ACN,Accenture plc,reports,Information Technology,IT Consulting & Other Services,"Dublin, Ireland",7/6/11,1467373
5,ATVI,Activision Blizzard,reports,Information Technology,Home Entertainment Software,"Santa Monica, California",8/31/15,718877
6,AYI,Acuity Brands Inc,reports,Industrials,Electrical Components & Equipment,"Atlanta, Georgia",5/3/16,1144215
7,ADBE,Adobe Systems Inc,reports,Information Technology,Application Software,"San Jose, California",5/5/97,796343
8,AAP,Advance Auto Parts,reports,Consumer Discretionary,Automotive Retail,"Roanoke, Virginia",7/9/15,1158449
9,AES,AES Corp,reports,Utilities,Independent Power Producers & Energy Traders,"Arlington, Virginia",,874761
10,AET,Aetna Inc,reports,Health Care,Managed Health Care,"Hartford, Connecticut",6/30/76,1122304
11,AMG,Affiliated Managers Group Inc,reports,Financials,Asset Management & Custody Banks,"Beverly, Massachusetts",7/1/14,1004434
12,AFL,AFLAC Inc,reports,Financials,Life & Health Insurance,"Columbus, Georgia",,4977
13,A,Agilent Technologies Inc,reports,Health Care,Health Care Equipment,"Santa Clara, California",,1090872
14,APD,Air Products & Chemicals Inc,reports,Materials,Industrial Gases,"Allentown, Pennsylvania",4/30/85,2969
15,AKAM,Akamai Technologies Inc,reports,Information Technology,Internet Software & Services,"Cambridge, Massachusetts",7/12/07,1086222
16,ALK,Alaska Air Group Inc,reports,Industrials,Airlines,"Seattle, Washington",5/13/16,766421
17,ALB,Albemarle Corp,reports,Materials,Specialty Chemicals,"Baton Rouge, Louisiana",7/1/16,915913
18,ALXN,Alexion Pharmaceuticals,reports,Health Care,Biotechnology,"Cheshire, Connecticut",5/25/12,899866
19,ALLE,Allegion,reports,Industrials,Building Products,"Dublin, Ireland",12/2/13,1579241
20,AGN,"Allergan, Plc",reports,Health Care,Pharmaceuticals,"Dublin, Ireland",,884629
21,ADS,Alliance Data Systems,reports,Information Technology,Data Processing & Outsourced Services,"Plano, Texas",12/23/13,1101215
22,LNT,Alliant Energy Corp,reports,Utilities,Electric Utilities,"Madison, Wisconsin",7/1/16,352541
23,ALL,Allstate Corp,reports,Financials,Property & Casualty Insurance,"Northfield Township, Illinois",,899051
24,GOOGL,Alphabet Inc Class A,reports,Information Technology,Internet Software & Services,"Mountain View, California",4/3/14,1652044
25,GOOG,Alphabet Inc Class C,reports,Information Technology,Internet Software & Services,"Mountain View, California",,1652044
26,MO,Altria Group Inc,reports,Consumer Staples,Tobacco,"Richmond, Virginia",,764180
27,AMZN,Amazon.com Inc,reports,Consumer Discretionary,Internet & Direct Marketing Retail,"Seattle, Washington",11/18/05,1018724
28,AEE,Ameren Corp,reports,Utilities,MultiUtilities,"St. Louis, Missouri",9/19/91,1002910
29,AAL,American Airlines Group,reports,Industrials,Airlines,"Fort Worth, Texas",3/23/15,6201
30,AEP,American Electric Power,reports,Utilities,Electric Utilities,"Columbus, Ohio",,4904
31,AXP,American Express Co,reports,Financials,Consumer Finance,"New York, New York",6/30/76,4962
32,AIG,"American International Group, Inc.",reports,Financials,Property & Casualty Insurance,"New York, New York",3/31/80,5272
33,AMT,American Tower Corp A,reports,Real Estate,Specialized REITs,"Boston, Massachusetts",11/19/07,1053507
34,AWK,American Water Works Company Inc,reports,Utilities,Water Utilities,"Voorhees, New Jersey",3/4/16,1410636
35,AMP,Ameriprise Financial,reports,Financials,Asset Management & Custody Banks,"Minneapolis, Minnesota",,820027
36,ABC,AmerisourceBergen Corp,reports,Health Care,Health Care Distributors,"Chesterbrook, Pennsylvania",,1140859
37,AME,AMETEK Inc,reports,Industrials,Electrical Components & Equipment,"Berwyn, Pennsylvania",9/23/13,1037868
38,AMGN,Amgen Inc,reports,Health Care,Biotechnology,"Thousand Oaks, California",1/2/92,318154
39,APH,Amphenol Corp,reports,Information Technology,Electronic Components,"Wallingford, Connecticut",9/30/08,820313
40,APC,Anadarko Petroleum Corp,reports,Energy,Oil & Gas Exploration & Production,"The Woodlands, Texas",,773910
41,ADI,"Analog Devices, Inc.",reports,Information Technology,Semiconductors,"Norwood, Massachusetts",,6281
42,ANTM,Anthem Inc.,reports,Health Care,Managed Health Care,"Indianapolis, Indiana",,1156039
43,AON,Aon plc,reports,Financials,Insurance Brokers,"London, United Kingdom",,315293
44,APA,Apache Corporation,reports,Energy,Oil & Gas Exploration & Production,"Houston, Texas",,6769
45,AIV,Apartment Investment & Mgmt,reports,Real Estate,REITs,"Denver, Colorado",,922864
46,AAPL,Apple Inc.,reports,Information Technology,Computer Hardware,"Cupertino, California",11/30/82,320193
47,AMAT,Applied Materials Inc,reports,Information Technology,Semiconductor Equipment,"Santa Clara, California",,6951
48,ADM,Archer-Daniels-Midland Co,reports,Consumer Staples,Agricultural Products,"Decatur, Illinois",7/29/81,7084
49,ARNC,Arconic Inc,reports,Industrials,Aerospace & Defense,"New York, New York",3/31/64,4281
50,AJG,Arthur J. Gallagher & Co.,reports,Financials,Insurance Brokers,"Itasca, Illinois",5/31/16,354190
51,AIZ,Assurant Inc,reports,Financials,Multi-line Insurance,"New York, New York",4/10/07,1267238
52,T,AT&T Inc,reports,Telecommunications Services,Integrated Telecommunications Services,"Dallas, Texas",11/30/83,732717
53,ADSK,Autodesk Inc,reports,Information Technology,Application Software,"San Rafael, California",12/1/89,769397
54,ADP,Automatic Data Processing,reports,Information Technology,Internet Software & Services,"Roseland, New Jersey",3/31/81,8670
55,AN,AutoNation Inc,reports,Consumer Discretionary,Specialty Stores,"Fort Lauderdale, Florida",,350698
56,AZO,AutoZone Inc,reports,Consumer Discretionary,Specialty Stores,"Memphis, Tennessee",,866787
57,AVB,"AvalonBay Communities, Inc.",reports,Real Estate,Residential REITs,"Arlington, Virginia[3]",1/10/07,915912
58,AVY,Avery Dennison Corp,reports,Materials,Paper Packaging,"Glendale, California",12/31/87,8818
59,BHI,Baker Hughes Inc,reports,Energy,Oil & Gas Equipment & Services,"Houston, Texas",,808362
60,BLL,Ball Corp,reports,Materials,Metal & Glass Containers,"Broomfield, Colorado",10/31/84,9389
61,BAC,Bank of America Corp,reports,Financials,Banks,"Charlotte, North Carolina",6/30/76,70858
62,BCR,Bard (C.R.) Inc.,reports,Health Care,Health Care Equipment,"Murray Hill, New Jersey",6/30/75,9892
63,BAX,Baxter International Inc.,reports,Health Care,Health Care Equipment,"Deerfield, Illinois",9/30/72,10456
64,BBT,BB&T Corporation,reports,Financials,Banks,"Winston-Salem, North Carolina",,92230
65,BDX,Becton Dickinson,reports,Health Care,Health Care Equipment,"Franklin Lakes, New Jersey",9/30/72,10795
66,BBBY,Bed Bath & Beyond,reports,Consumer Discretionary,Specialty Stores,"Union, New Jersey",,886158
67,BRK.B,Berkshire Hathaway,reports,Financials,Multi-Sector Holdings,"Omaha, Nebraska",2/16/10,1067983
68,BBY,Best Buy Co. Inc.,reports,Consumer Discretionary,Computer & Electronics Retail,"Richfield, Minnesota",,764478
69,BIIB,BIOGEN IDEC Inc.,reports,Health Care,Biotechnology,"Weston, Massachusetts",,875045
70,BLK,BlackRock,reports,Financials,Asset Management & Custody Banks,"New York, New York",4/4/11,1364742
71,HRB,Block H&R,reports,Financials,Consumer Finance,"Kansas City, Missouri",11/30/86,12659
72,BA,Boeing Company,reports,Industrials,Aerospace & Defense,"Chicago, Illinois",,12927
73,BWA,BorgWarner,reports,Consumer Discretionary,Auto Parts & Equipment,"Auburn Hills, Michigan",12/19/11,908255
74,BXP,Boston Properties,reports,Real Estate,REITs,"Boston, Massachusetts",,1037540
75,BSX,Boston Scientific,reports,Health Care,Health Care Equipment,"Marlborough, Massachusetts[4]",,885725
76,BMY,Bristol-Myers Squibb,reports,Health Care,Health Care Distributors,"New York, New York",,14272
77,AVGO,Broadcom,reports,Information Technology,Semiconductors,"San Jose, California",5/8/14,1441634
78,BF.B,Brown-Forman Corporation,reports,Consumer Staples,Distillers & Vintners,"Louisville, Kentucky",10/31/82,14693
79,CHRW,C. H. Robinson Worldwide,reports,Industrials,Air Freight & Logistics,"Eden Prairie, Minnesota",,1043277
80,CA,"CA, Inc.",reports,Information Technology,Systems Software,"Islandia, New York",7/31/87,356028
81,COG,Cabot Oil & Gas,reports,Energy,Oil & Gas Exploration & Production,"Houston, Texas",6/23/08,858470
82,CPB,Campbell Soup,reports,Consumer Staples,Packaged Foods & Meats,"Camden, New Jersey",,16732
83,COF,Capital One Financial,reports,Financials,Consumer Finance,"Tysons Corner, Virginia",,927628
84,CAH,Cardinal Health Inc.,reports,Health Care,Health Care Distributors,"Dublin, Ohio",,721371
85,KMX,Carmax Inc,reports,Consumer Discretionary,Specialty Stores,"Richmond, Virginia",6/28/10,1170010
86,CCL,Carnival Corp.,reports,Consumer Discretionary,"Hotels, Resorts & Cruise Lines","Miami, Florida",,815097
87,CAT,Caterpillar Inc.,reports,Industrials,Construction & Farm Machinery & Heavy Trucks,"Peoria, Illinois",,18230
88,CBG,CBRE Group,reports,Real Estate,Real Estate Services,"Los Angeles, California",,1138118
89,CBS,CBS Corp.,reports,Consumer Discretionary,Broadcasting & Cable TV,"New York, New York",9/1/94,813828
90,CELG,Celgene Corp.,reports,Health Care,Biotechnology,"Summit, New Jersey",,816284
91,CNC,Centene Corporation,reports,Health Care,Managed Health Care,"St Louis, Missouri",3/30/16,1071739
92,CNP,CenterPoint Energy,reports,Utilities,MultiUtilities,"Houston, Texas",7/31/85,1130310
93,CTL,CenturyLink Inc,reports,Telecommunications Services,Integrated Telecommunications Services,"Monroe, Louisiana",,18926
94,CERN,Cerner,reports,Health Care,Health Care Technology,"North Kansas City, Missouri",4/30/10,804753
95,CF,CF Industries Holdings Inc,reports,Materials,Fertilizers & Agricultural Chemicals,"Deerfield, Illinois",8/27/08,1324404
96,SCHW,Charles Schwab Corporation,reports,Financials,Investment Banking & Brokerage,"San Francisco, California",,316709
97,CHTR,Charter Communications,reports,Consumer Discretionary,Cable & Satellite,"Stamford, Connecticut",9/8/16,1091667
98,CHK,Chesapeake Energy,reports,Energy,Integrated Oil & Gas,"Oklahoma City, Oklahoma",,895126
99,CVX,Chevron Corp.,reports,Energy,Integrated Oil & Gas,"San Ramon, California",,93410
100,CMG,Chipotle Mexican Grill,reports,Consumer Discretionary,Restaurants,"Denver, Colorado",4/28/11,1058090
101,CB,Chubb Limited,reports,Financials,Property & Casualty Insurance,"Zurich, Switzerland",7/15/10,896159
102,CHD,Church & Dwight,reports,Consumer Staples,Household Products,"Ewing, New Jersey",12/29/15,313927
103,CI,CIGNA Corp.,reports,Health Care,Managed Health Care,"Philadelphia, Pennsylvania",6/30/76,701221
104,XEC,Cimarex Energy,reports,Energy,Oil & Gas Exploration & Production,"Denver, Colorado",6/21/14,1168054
105,CINF,Cincinnati Financial,reports,Financials,Property & Casualty Insurance,"Fairfield, Ohio",,20286
106,CTAS,Cintas Corporation,reports,Industrials,Diversified Support Services,"Mason, Ohio",,723254
107,CSCO,Cisco Systems,reports,Information Technology,Networking Equipment,"San Jose, California",12/1/93,858877
108,C,Citigroup Inc.,reports,Financials,Banks,"New York, New York",5/31/88,831001
109,CFG,Citizens Financial Group,reports,Financials,Regional Banks,"Providence, Rhode Island",1/29/16,759944
110,CTXS,Citrix Systems,reports,Information Technology,Internet Software & Services,"Fort Lauderdale, Florida",,877890
111,CME,CME Group Inc.,reports,Financials,Financial Exchanges & Data,"Chicago, Illinois",,1156375
112,CMS,CMS Energy,reports,Utilities,MultiUtilities,"Jackson, Michigan",,811156
113,COH,Coach Inc.,reports,Consumer Discretionary,"Apparel, Accessories & Luxury Goods","New York, New York",,1116132
114,KO,Coca Cola Company,reports,Consumer Staples,Soft Drinks,"Atlanta, Georgia",,21344
115,CTSH,Cognizant Technology Solutions,reports,Information Technology,IT Consulting & Other Services,"Teaneck, New Jersey",,1058290
116,CL,Colgate-Palmolive,reports,Consumer Staples,Household Products,"New York, New York",,21665
117,CMCSA,Comcast A Corp,reports,Consumer Discretionary,Cable & Satellite,"Philadelphia, Pennsylvania",9/18/15,1166691
118,CMA,Comerica Inc.,reports,Financials,Regional Banks,"Dallas, Texas",,28412
119,CAG,ConAgra Foods Inc.,reports,Consumer Staples,Packaged Foods & Meats,"Omaha, Nebraska",8/31/83,23217
120,CXO,Concho Resources,reports,Energy,Oil & Gas Exploration & Production,"Midland, Texas",2/22/16,1358071
121,COP,ConocoPhillips,reports,Energy,Oil & Gas Exploration & Production,"Houston, Texas",,1163165
122,ED,Consolidated Edison,reports,Utilities,Electric Utilities,"New York, New York",,1047862
123,STZ,Constellation Brands,reports,Consumer Staples,Distillers & Vintners,"Victor, New York",,16918
124,GLW,Corning Inc.,reports,Information Technology,Electronic Components,"Corning, New York",,24741
125,COST,Costco Co.,reports,Consumer Staples,Hypermarkets & Super Centers,"Issaquah, Washington",10/1/93,909832
126,COTY,"Coty, Inc",reports,Consumer Staples,Personal Products,"New York, NY",10/3/16,1024305
127,CCI,Crown Castle International Corp.,reports,Real Estate,REITs,"Houston, Texas",3/14/12,1051470
128,CSRA,CSRA Inc.,reports,Information Technology,IT Consulting & Other Services,"Falls Church, Virginia",12/1/15,1646383
129,CSX,CSX Corp.,reports,Industrials,Railroads,"Jacksonville, Florida",9/30/67,277948
130,CMI,Cummins Inc.,reports,Industrials,Industrial Machinery,"Columbus, Indiana",3/31/65,26172
131,CVS,CVS Health,reports,Consumer Staples,Drug Retail,"Woonsocket, Rhode Island",,64803
132,DHI,D. R. Horton,reports,Consumer Discretionary,Homebuilding,"Fort Worth, Texas",,882184
133,DHR,Danaher Corp.,reports,Industrials,Industrial Conglomerates,"Washington, D.C.",,313616
134,DRI,Darden Restaurants,reports,Consumer Discretionary,Restaurants,"Orlando, Florida",,940944
135,DVA,DaVita Inc.,reports,Health Care,Health Care Facilities,"Denver, Colorado",7/31/08,927066
136,DE,Deere & Co.,reports,Industrials,Construction & Farm Machinery & Heavy Trucks,"Moline, Illinois",,315189
137,DLPH,Delphi Automotive,reports,Consumer Discretionary,Auto Parts & Equipment,"Gillingham, Kent, United Kingdom",12/24/12,1521332
138,DAL,Delta Air Lines,reports,Industrials,Airlines,"Atlanta, Georgia",9/11/13,27904
139,XRAY,Dentsply Sirona,reports,Health Care,Health Care Supplies,"York, Pennsylvania",11/14/08,818479
140,DVN,Devon Energy Corp.,reports,Energy,Oil & Gas Exploration & Production,"Oklahoma City, Oklahoma",,1090012
141,DLR,Digital Realty Trust,reports,Real Estate,Specialized REITs,"San Francisco, California",5/18/16,1297996
142,DFS,Discover Financial Services,reports,Financials,Consumer Finance,"Riverwoods, Illinois",7/2/07,1393612
143,DISCA,Discovery Communications-A,reports,Consumer Discretionary,Cable & Satellite,"Silver Spring, Maryland",3/1/10,1437107
144,DISCK,Discovery Communications-C,reports,Consumer Discretionary,Cable & Satellite,"Silver Spring, Maryland",8/7/14,1437107
145,DG,Dollar General,reports,Consumer Discretionary,General Merchandise Stores,"Goodlettsville, Tennessee",12/3/12,29534
146,DLTR,Dollar Tree,reports,Consumer Discretionary,General Merchandise Stores,"Chesapeake, Virginia",12/19/11,935703
147,D,Dominion Resources,reports,Utilities,Electric Utilities,"Richmond, Virginia",,715957
148,DOV,Dover Corp.,reports,Industrials,Industrial Machinery,"Downers Grove, Illinois",10/31/85,29905
149,DOW,Dow Chemical,reports,Materials,Diversified Chemicals,"Midland, Michigan",,29915
150,DPS,Dr Pepper Snapple Group,reports,Consumer Staples,Soft Drinks,"Plano, Texas",10/7/08,1418135
151,DTE,DTE Energy Co.,reports,Utilities,MultiUtilities,"Detroit, Michigan",,936340
152,DD,Du Pont (E.I.),reports,Materials,Diversified Chemicals,"Wilmington, Delaware",,30554
153,DUK,Duke Energy,reports,Utilities,Electric Utilities,"Charlotte, North Carolina",6/30/76,1326160
154,DNB,Dun & Bradstreet,reports,Industrials,Research & Consulting Services,"Short Hills, New Jersey",12/2/08,1115222
155,ETFC,E*Trade,reports,Financials,Investment Banking & Brokerage,"New York, New York",3/31/04,1015780
156,EMN,Eastman Chemical,reports,Materials,Diversified Chemicals,"Kingsport, Tennessee",1/1/94,915389
157,ETN,Eaton Corporation,reports,Industrials,Industrial Conglomerates,"Dublin, Ireland",,1551182
158,EBAY,eBay Inc.,reports,Information Technology,Internet Software & Services,"San Jose, California",,1065088
159,ECL,Ecolab Inc.,reports,Materials,Specialty Chemicals,"St. Paul, Minnesota",1/31/89,31462
160,EIX,Edison Int'l,reports,Utilities,Electric Utilities,"Rosemead, California",,827052
161,EW,Edwards Lifesciences,reports,Health Care,Health Care Equipment,"Irvine, California",4/1/11,1099800
162,EA,Electronic Arts,reports,Information Technology,Home Entertainment Software,"Redwood City, California",,712515
163,EMR,Emerson Electric Company,reports,Industrials,Industrial Conglomerates,"Ferguson, Missouri",3/31/65,32604
164,ENDP,Endo International,reports,Health Care,Pharmaceuticals,"Dublin, Ireland",1/27/15,1100962
165,ETR,Entergy Corp.,reports,Utilities,Electric Utilities,"New Orleans, Louisiana",,65984
166,EVHC,Envision Healthcare Corp,reports,Health Care,Health Care Services,"Nashville, Tennessee",12/2/16,895930
167,EOG,EOG Resources,reports,Energy,Oil & Gas Exploration & Production,"Houston, Texas",,821189
168,EQT,EQT Corporation,reports,Energy,Oil & Gas Exploration & Production,"Pittsburgh, Pennsylvania",12/19/08,33213
169,EFX,Equifax Inc.,reports,Industrials,Research & Consulting Services,"Atlanta, Georgia",,33185
170,EQIX,Equinix,reports,Real Estate,REITs,"Redwood City, California",3/20/15,1101239
171,EQR,Equity Residential,reports,Real Estate,REITs,"Chicago, Illinois",,906107
172,ESS,"Essex Property Trust, Inc.",reports,Real Estate,Residential REITs,"Palo Alto, California",4/2/14,920522
173,EL,Estee Lauder Cos.,reports,Consumer Staples,Personal Products,"New York, New York",,1001250
174,ES,Eversource Energy,reports,Utilities,MultiUtilities,"Springfield, Massachusetts",,72741
175,EXC,Exelon Corp.,reports,Utilities,MultiUtilities,"Chicago, Illinois",,1109357
176,EXPE,Expedia Inc.,reports,Consumer Discretionary,Internet & Direct Marketing Retail,"Bellevue, Washington",10/2/07,1324424
177,EXPD,Expeditors Int'l,reports,Industrials,Air Freight & Logistics,"Seattle, Washington",10/10/07,746515
178,ESRX,Express Scripts,reports,Health Care,Health Care Distributors,"Cool Valley, Missouri",9/25/03,1532063
179,EXR,Extra Space Storage,reports,Real Estate,Specialized REITs,"Salt Lake City, UT",1/19/16,1289490
180,XOM,Exxon Mobil Corp.,reports,Energy,Integrated Oil & Gas,"Irving, Texas",,34088
181,FFIV,F5 Networks,reports,Information Technology,Networking Equipment,"Seattle, Washington",12/20/10,1048695
182,FB,Facebook,reports,Information Technology,Internet Software & Services,"Menlo Park, California",12/23/13,1326801
183,FAST,Fastenal Co,reports,Industrials,Building Products,"Winona, Minnesota",9/15/09,815556
184,FRT,Federal Realty Investment Trust,reports,Real Estate,Retail REITs,"Rockville, Maryland",2/1/16,34903
185,FDX,FedEx Corporation,reports,Industrials,Air Freight & Logistics,"Memphis, Tennessee",12/31/80,1048911
186,FIS,Fidelity National Information Services,reports,Information Technology,Internet Software & Services,"Jacksonville, Florida",,1136893
187,FITB,Fifth Third Bancorp,reports,Financials,Banks,"Cincinnati, Ohio",,35527
188,FSLR,First Solar Inc,reports,Information Technology,Semiconductors,"Tempe, Arizona",10/16/09,1274494
189,FE,FirstEnergy Corp,reports,Utilities,Electric Utilities,"Akron, Ohio",,1031296
190,FISV,Fiserv Inc,reports,Information Technology,Internet Software & Services,"Brookfield, Wisconsin",,798354
191,FLIR,FLIR Systems,reports,Information Technology,Electronic Equipment & Instruments,"Wilsonville, Oregon",1/2/09,354908
192,FLS,Flowserve Corporation,reports,Industrials,Industrial Machinery,"Irving, Texas",10/2/08,30625
193,FLR,Fluor Corp.,reports,Industrials,Diversified Commercial Services,"Irving, Texas",3/31/80,1124198
194,FMC,FMC Corporation,reports,Materials,Diversified Chemicals,"Philadelphia, Pennsylvania",8/19/09,37785
195,FTI,FMC Technologies Inc.,reports,Energy,Oil & Gas Equipment & Services,"Houston, Texas",6/5/09,1135152
196,FL,Foot Locker Inc,reports,Consumer Discretionary,Apparel Retail,"New York, New York",4/4/16,850209
197,F,Ford Motor,reports,Consumer Discretionary,Automobile Manufacturers,"Dearborn, Michigan",,37996
198,FTV,Fortive Corp,reports,Industrials,Industrial Machinery,"Everett, Washington",7/1/16,1659166
199,FBHS,Fortune Brands Home & Security,reports,Industrials,Building Products,"Deerfield, Illinois",6/22/16,1519751
200,BEN,Franklin Resources,reports,Financials,Asset Management & Custody Banks,"San Mateo, California",,38777
201,FCX,Freeport-McMoran Cp & Gld,reports,Materials,Copper,"Phoenix, Arizona",,831259
202,FTR,Frontier Communications,reports,Telecommunications Services,Integrated Telecommunications Services,"Stamford, Connecticut",,20520
203,GPS,Gap (The),reports,Consumer Discretionary,Apparel Retail,"San Francisco, California",8/31/86,39911
204,GRMN,Garmin Ltd.,reports,Consumer Discretionary,Consumer Electronics,"Schaffhausen, Switzerland",12/12/12,1121788
205,GD,General Dynamics,reports,Industrials,Aerospace & Defense,"Falls Church, Virginia",,40533
206,GE,General Electric,reports,Industrials,Industrial Conglomerates,"Fairfield, Connecticut",,40545
207,GGP,General Growth Properties Inc.,reports,Real Estate,Retail REITs,"Chicago, Illinois",12/10/13,895648
208,GIS,General Mills,reports,Consumer Staples,Packaged Foods & Meats,"Golden Valley, Minnesota",3/31/69,40704
209,GM,General Motors,reports,Consumer Discretionary,Automobile Manufacturers,"Detroit, Michigan",6/6/13,1467858
210,GPC,Genuine Parts,reports,Consumer Discretionary,Specialty Stores,"Atlanta, Georgia",12/31/73,40987
211,GILD,Gilead Sciences,reports,Health Care,Biotechnology,"Foster City, California",,882095
212,GPN,Global Payments Inc,reports,Information Technology,Data Processing & Outsourced Services,"Atlanta, Georgia",4/25/16,1123360
213,GS,Goldman Sachs Group,reports,Financials,Investment Banking & Brokerage,"New York, New York",,886982
214,GT,Goodyear Tire & Rubber,reports,Consumer Discretionary,Tires & Rubber,"Akron, Ohio",,42582
215,GWW,Grainger (W.W.) Inc.,reports,Industrials,Industrial Materials,"Lake Forest, Illinois",6/30/81,277135
216,HAL,Halliburton Co.,reports,Energy,Oil & Gas Equipment & Services,"Houston, Texas",,45012
217,HBI,Hanesbrands Inc,reports,Consumer Discretionary,"Apparel, Accessories & Luxury Goods","Winston-Salem, North Carolina",3/20/15,1359841
218,HOG,Harley-Davidson,reports,Consumer Discretionary,Motorcycle Manufacturers,"Milwaukee, Wisconsin",,793952
219,HAR,Harman Int'l Industries,reports,Consumer Discretionary,Consumer Electronics,"Stamford, Connecticut",,800459
220,HRS,Harris Corporation,reports,Information Technology,Telecommunications Equipment,"Melbourne, Florida",9/22/08,202058
221,HIG,Hartford Financial Svc.Gp.,reports,Financials,Property & Casualty Insurance,"Hartford, Connecticut",,874766
222,HAS,Hasbro Inc.,reports,Consumer Discretionary,Leisure Products,"Pawtucket, Rhode Island",9/30/84,46080
223,HCA,HCA Holdings,reports,Health Care,Health Care Facilities,"Nashville, Tennessee",1/27/15,860730
224,HCP,HCP Inc.,reports,Real Estate,REITs,"Long Beach, California",3/31/08,765880
225,HP,Helmerich & Payne,reports,Energy,Oil & Gas Drilling,"Tulsa, Oklahoma[5]",,46765
226,HSIC,Henry Schein,reports,Health Care,Health Care Distributors,"Melville, New York",3/17/15,1000228
227,HES,Hess Corporation,reports,Energy,Integrated Oil & Gas,"New York, New York",5/31/84,4447
228,HPE,Hewlett Packard Enterprise,reports,Information Technology,"Technology Hardware, Storage & Peripherals","Palo Alto, California",11/2/15,1645590
229,HOLX,Hologic,reports,Health Care,Health Care Equipment,"Marlborough, Massachusetts",3/30/16,859737
230,HD,Home Depot,reports,Consumer Discretionary,Home Improvement Retail,"Atlanta, Georgia",3/31/88,354950
231,HON,Honeywell Int'l Inc.,reports,Industrials,Industrial Conglomerates,"Morristown, New Jersey",3/31/64,773840
232,HRL,Hormel Foods Corp.,reports,Consumer Staples,Packaged Foods & Meats,"Austin, Minnesota",3/4/09,48465
233,HST,Host Hotels & Resorts,reports,Real Estate,REITs,"Bethesda, Maryland",3/20/07,1070750
234,HPQ,HP Inc.,reports,Information Technology,Computer Hardware,"Palo Alto, California",12/31/74,47217
235,HUM,Humana Inc.,reports,Health Care,Managed Health Care,"Louisville, Kentucky",,49071
236,HBAN,Huntington Bancshares,reports,Financials,Banks,"Columbus, Ohio",,49196
237,IDXX,IDEXX Laboratories,reports,Health Care,Health Care Equipment,"Westbrook, Maine",1/5/17,874716
238,ITW,Illinois Tool Works,reports,Industrials,Industrial Machinery,"Glenview, Illinois",2/28/86,49826
239,ILMN,Illumina Inc,reports,Health Care,Life Sciences Tools & Services,"San Diego, California",11/19/15,1110803
240,IR,Ingersoll-Rand PLC,reports,Industrials,Industrial Conglomerates,"Dublin, Ireland",11/17/10,1466258
241,INTC,Intel Corp.,reports,Information Technology,Semiconductors,"Santa Clara, California",12/31/76,50863
242,ICE,Intercontinental Exchange,reports,Financials,Diversified Financial Services,"Atlanta, Georgia",9/26/07,1571949
243,IBM,International Business Machines,reports,Information Technology,IT Consulting & Other Services,"Armonk, New York",,51143
244,IP,International Paper,reports,Materials,Paper Packaging,"Memphis, Tennessee",,51434
245,IPG,Interpublic Group,reports,Consumer Discretionary,Advertising,"New York, New York",10/1/92,51644
246,IFF,Intl Flavors & Fragrances,reports,Materials,Specialty Chemicals,"New York, New York",3/31/76,51253
247,INTU,Intuit Inc.,reports,Information Technology,Internet Software & Services,"Mountain View, California",12/5/00,896878
248,ISRG,Intuitive Surgical Inc.,reports,Health Care,Health Care Equipment,"Sunnyvale, California",6/2/08,1035267
249,IVZ,Invesco Ltd.,reports,Financials,Asset Management & Custody Banks,"Atlanta, Georgia",8/21/08,914208
250,IRM,Iron Mountain Incorporated,reports,Real Estate,REITs,"Boston, Massachusetts",1/6/09,1020569
251,JBHT,J. B. Hunt Transport Services,reports,Industrials,Trucking,"Lowell, Arkansas",7/1/15,728535
252,JEC,Jacobs Engineering Group,reports,Industrials,Industrial Conglomerates,"Pasadena, California",10/26/07,52988
253,SJM,JM Smucker,reports,Consumer Staples,Packaged Foods & Meats,"Orrville, Ohio",11/6/08,91419
254,JNJ,Johnson & Johnson,reports,Health Care,Health Care Equipment,"New Brunswick, New Jersey",6/30/73,200406
255,JCI,Johnson Controls International,reports,Industrials,Building Products,"Cork, Ireland",8/27/10,833444
256,JPM,JPMorgan Chase & Co.,reports,Financials,Banks,"New York, New York",6/30/75,19617
257,JNPR,Juniper Networks,reports,Information Technology,Networking Equipment,"Sunnyvale, California",,1043604
258,KSU,Kansas City Southern,reports,Industrials,Railroads,"Kansas City, Missouri",5/24/13,54480
259,K,Kellogg Co.,reports,Consumer Staples,Packaged Foods & Meats,"Battle Creek, Michigan",,55067
260,KEY,KeyCorp,reports,Financials,Banks,"Cleveland, Ohio",3/1/94,91576
261,KMB,Kimberly-Clark,reports,Consumer Staples,Household Products,"Irving, Texas",,55785
262,KIM,Kimco Realty,reports,Real Estate,REITs,"New Hyde Park, New York",,879101
263,KMI,Kinder Morgan,reports,Energy,Oil & Gas Refining & Marketing & Transportation,"Houston, Texas",5/25/12,1506307
264,KLAC,KLA-Tencor Corp.,reports,Information Technology,Semiconductor Equipment,"Milpitas, California",,319201
265,KSS,Kohl's Corp.,reports,Consumer Discretionary,General Merchandise Stores,"Menomonee Falls, Wisconsin",,885639
266,KHC,Kraft Heinz Co,reports,Consumer Staples,Packaged Foods & Meats,"Pittsburgh, Pennsylvania",7/6/15,1545158
267,KR,Kroger Co.,reports,Consumer Staples,Food Retail,"Cincinnati, Ohio",,56873
268,LB,L Brands Inc.,reports,Consumer Discretionary,Apparel Retail,"Columbus, Ohio",9/30/83,701985
269,LLL,L-3 Communications Holdings,reports,Industrials,Industrial Conglomerates,"New York, New York",,1056239
270,LH,Laboratory Corp. of America Holding,reports,Health Care,Health Care Facilities,"Burlington, North Carolina",,920148
271,LRCX,Lam Research,reports,Information Technology,Semiconductor Equipment,"Fremont, California",6/29/12,707549
272,LEG,Leggett & Platt,reports,Industrials,Industrial Conglomerates,"Carthage, Missouri",,58492
273,LEN,Lennar Corp.,reports,Consumer Discretionary,Homebuilding,"Miami, Florida",,920760
274,LUK,Leucadia National Corp.,reports,Financials,Multi-Sector Holdings,"New York, New York",8/27/07,96223
275,LVLT,Level 3 Communications,reports,Telecommunications Services,Alternative Carriers,"Broomfield, Colorado",11/5/14,794323
276,LLY,Lilly (Eli) & Co.,reports,Health Care,Pharmaceuticals,"Indianapolis, Indiana",12/31/70,59478
277,LNC,Lincoln National,reports,Financials,Multi-line Insurance,"Radnor, Pennsylvania",6/30/76,59558
278,LLTC,Linear Technology Corp.,reports,Information Technology,Semiconductors,"Milpitas, California",,791907
279,LKQ,LKQ Corporation,reports,Consumer Discretionary,Distributors,"Chicago, Illinois",5/23/16,1065696
280,LMT,Lockheed Martin Corp.,reports,Industrials,Aerospace & Defense,"Bethesda, Maryland",7/31/84,936468
281,L,Loews Corp.,reports,Financials,Multi-Sector Holdings,"New York, New York",,60086
282,LOW,Lowe's Cos.,reports,Consumer Discretionary,Home Improvement Retail,"Mooresville, North Carolina",2/29/84,60667
283,LYB,LyondellBasell,reports,Materials,Diversified Chemicals,"Rotterdam, Netherlands",9/5/12,1489393
284,MTB,M&T Bank Corp.,reports,Financials,Banks,"Buffalo, New York",,36270
285,MAC,Macerich,reports,Real Estate,Retail REITs,"Santa Monica, California",5/9/13,912242
286,M,Macy's Inc.,reports,Consumer Discretionary,Department Stores,"Cincinnati, Ohio",,794367
287,MNK,Mallinckrodt Plc,reports,Health Care,Pharmaceuticals,"Dublin, Ireland",8/19/14,1567892
288,MRO,Marathon Oil Corp.,reports,Energy,Oil & Gas Exploration & Production,"Houston, Texas",5/1/91,101778
289,MPC,Marathon Petroleum,reports,Energy,Oil & Gas Refining & Marketing & Transportation,"Findlay, Ohio",7/1/11,1510295
290,MAR,Marriott Int'l.,reports,Consumer Discretionary,"Hotels, Resorts & Cruise Lines","Bethesda, Maryland",,1048286
291,MMC,Marsh & McLennan,reports,Financials,Insurance Brokers,"New York, New York",8/31/87,62709
292,MLM,Martin Marietta Materials,reports,Materials,Construction Materials,"Raleigh, North Carolina",7/2/14,916076
293,MAS,Masco Corp.,reports,Industrials,Building Products,"Taylor, Michigan",6/30/81,62996
294,MA,Mastercard Inc.,reports,Information Technology,Internet Software & Services,"Harrison, New York",7/18/08,1141391
295,MAT,Mattel Inc.,reports,Consumer Discretionary,Leisure Products,"El Segundo, California",3/31/82,63276
296,MKC,McCormick & Co.,reports,Consumer Staples,Packaged Foods & Meats,"Sparks, Maryland",,63754
297,MCD,McDonald's Corp.,reports,Consumer Discretionary,Restaurants,"Oak Brook, Illinois",6/30/70,63908
298,MCK,McKesson Corp.,reports,Health Care,Health Care Distributors,"San Francisco, California",,927653
299,MJN,Mead Johnson,reports,Consumer Staples,Packaged Foods & Meats,"Glenview, Illinois",12/21/09,1452575
300,MDT,Medtronic plc,reports,Health Care,Health Care Equipment,"Dublin, Ireland",10/31/86,64670
301,MRK,Merck & Co.,reports,Health Care,Pharmaceuticals,"Whitehouse Station, New Jersey",,310158
302,MET,MetLife Inc.,reports,Financials,Life & Health Insurance,"New York, New York",,1099219
303,MTD,Mettler Toledo,reports,Health Care,Life Sciences Tools & Services,"Columbus, Ohio",9/6/16,1037646
304,KORS,Michael Kors Holdings,reports,Consumer Discretionary,"Apparel, Accessories & Luxury Goods","New York, New York",11/13/13,1530721
305,MCHP,Microchip Technology,reports,Information Technology,Semiconductors,"Chandler, Arizona",9/7/07,827054
306,MU,Micron Technology,reports,Information Technology,Semiconductors,"Boise, Idaho",9/27/94,723125
307,MSFT,Microsoft Corp.,reports,Information Technology,Systems Software,"Redmond, Washington",6/1/94,789019
308,MAA,Mid-America Apartments,reports,Real Estate,Residential REITs,"Memphis, Tennessee",12/2/16,912595
309,MHK,Mohawk Industries,reports,Consumer Discretionary,Home Furnishings,"Amsterdam, New York",12/23/13,851968
310,TAP,Molson Coors Brewing Company,reports,Consumer Staples,Brewers,"Denver, Colorado",6/30/76,24545
311,MDLZ,Mondelez International,reports,Consumer Staples,Packaged Foods & Meats,"Northfield, Illinois",10/2/12,1103982
312,MON,Monsanto Co.,reports,Materials,Fertilizers & Agricultural Chemicals,"Creve Coeur, Missouri",8/7/02,1110783
313,MNST,Monster Beverage,reports,Consumer Staples,Soft Drinks,"Corona, California",6/28/12,865752
314,MCO,Moody's Corp,reports,Financials,Diversified Financial Services,"New York, New York",,1059556
315,MS,Morgan Stanley,reports,Financials,Investment Banking & Brokerage,"New York, New York",,895421
316,MSI,Motorola Solutions Inc.,reports,Information Technology,Telecommunications Equipment,"Schaumburg, Illinois",,68505
317,MUR,Murphy Oil,reports,Energy,Integrated Oil & Gas,"El Dorado, Arkansas",,717423
318,MYL,Mylan N.V.,reports,Health Care,Pharmaceuticals,"Amsterdam, Netherlands",,69499
319,NDAQ,NASDAQ OMX Group,reports,Financials,Diversified Financial Services,"New York, New York",10/22/08,1120193
320,NOV,National Oilwell Varco Inc.,reports,Energy,Oil & Gas Equipment & Services,"Houston, Texas",,1021860
321,NAVI,Navient,reports,Financials,Consumer Finance,"Newark, Delaware",5/1/14,1593538
322,NTAP,NetApp,reports,Information Technology,Internet Software & Services,"Sunnyvale, California",,1002047
323,NFLX,Netflix Inc.,reports,Information Technology,Internet Software & Services,"Los Gatos, California",12/20/10,1065280
324,NWL,Newell Brands,reports,Consumer Discretionary,Housewares & Specialties,"Sandy Springs, Georgia",4/30/89,814453
325,NFX,Newfield Exploration Co,reports,Energy,Oil & Gas Exploration & Production,"Houston, Texas",12/20/10,912750
326,NEM,Newmont Mining Corp. (Hldg. Co.),reports,Materials,Gold,"Denver, Colorado",6/30/69,1164727
327,NWSA,News Corp. Class A,reports,Consumer Discretionary,Publishing,"New York, New York",8/1/13,1564708
328,NWS,News Corp. Class B,reports,Consumer Discretionary,Publishing,"New York, New York",9/18/15,1564708
329,NEE,NextEra Energy,reports,Utilities,MultiUtilities,"Juno Beach, Florida",6/30/76,753308
330,NLSN,Nielsen Holdings,reports,Industrials,Research & Consulting Services,"New York, New York",7/9/13,1492633
331,NKE,Nike,reports,Consumer Discretionary,"Apparel, Accessories & Luxury Goods","Washington County, Oregon",11/30/88,320187
332,NI,NiSource Inc.,reports,Utilities,MultiUtilities,"Merrillville, Indiana",,1111711
333,NBL,Noble Energy Inc,reports,Energy,Oil & Gas Exploration & Production,"Houston, Texas",10/8/07,72207
334,JWN,Nordstrom,reports,Consumer Discretionary,Department Stores,"Seattle, Washington",8/31/86,72333
335,NSC,Norfolk Southern Corp.,reports,Industrials,Railroads,"Norfolk, Virginia",,702165
336,NTRS,Northern Trust Corp.,reports,Financials,Asset Management & Custody Banks,"Chicago, Illinois",,73124
337,NOC,Northrop Grumman Corp.,reports,Industrials,Aerospace & Defense,"West Falls Church, Virginia",6/30/85,1133421
338,NRG,NRG Energy,reports,Utilities,Independent Power Producers & Energy Traders,"Princeton, New Jersey",1/29/10,1013871
339,NUE,Nucor Corp.,reports,Materials,Steel,"Charlotte, North Carolina",4/30/85,73309
340,NVDA,Nvidia Corporation,reports,Information Technology,Semiconductors,"Santa Clara, California",,1045810
341,ORLY,O'Reilly Automotive,reports,Consumer Discretionary,Specialty Stores,"Springfield, Missouri",3/27/09,898173
342,OXY,Occidental Petroleum,reports,Energy,Oil & Gas Exploration & Production,"Los Angeles, California",12/31/82,797468
343,OMC,Omnicom Group,reports,Consumer Discretionary,Advertising,"New York, New York",,29989
344,OKE,ONEOK,reports,Energy,Oil & Gas Exploration & Production,"Tulsa, Oklahoma",3/15/10,1039684
345,ORCL,Oracle Corp.,reports,Information Technology,Application Software,"Redwood Shores, California",8/31/89,1341439
346,PCAR,PACCAR Inc.,reports,Industrials,Construction & Farm Machinery & Heavy Trucks,"Bellevue, Washington",12/31/80,75362
347,PH,Parker-Hannifin,reports,Industrials,Industrial Conglomerates,"Cleveland, Ohio",11/30/85,76334
348,PDCO,Patterson Companies,reports,Health Care,Health Care Supplies,"St. Paul, Minnesota",,891024
349,PAYX,Paychex Inc.,reports,Information Technology,Internet Software & Services,"Penfield, New York",,723531
350,PYPL,PayPal,reports,Information Technology,Data Processing & Outsourced Services,"San Jose, California",7/20/15,1633917
351,PNR,Pentair Ltd.,reports,Industrials,Industrial Machinery,"Worsley, UK",10/1/12,77360
352,PBCT,People's United Financial,reports,Financials,Thrifts & Mortgage Finance,"Bridgeport, Connecticut",11/13/08,1378946
353,PEP,PepsiCo Inc.,reports,Consumer Staples,Soft Drinks,"Purchase, New York",,77476
354,PKI,PerkinElmer,reports,Health Care,Health Care Equipment,"Waltham, Massachusetts",5/31/85,31791
355,PRGO,Perrigo,reports,Health Care,Pharmaceuticals,"Dublin, Ireland",12/19/11,1585364
356,PFE,Pfizer Inc.,reports,Health Care,Pharmaceuticals,"New York, New York",,78003
357,PCG,PG&E Corp.,reports,Utilities,MultiUtilities,"San Francisco, California",,1004980
358,PM,Philip Morris International,reports,Consumer Staples,Tobacco,"New York, New York",3/31/08,1413329
359,PSX,Phillips 66,reports,Energy,Oil & Gas Refining & Marketing & Transportation,"Houston, Texas",5/1/12,1534701
360,PNW,Pinnacle West Capital,reports,Utilities,MultiUtilities,"Phoenix, Arizona",,764622
361,PXD,Pioneer Natural Resources,reports,Energy,Oil & Gas Exploration & Production,"Irving, Texas",9/24/08,1038357
362,PBI,Pitney-Bowes,reports,Industrials,"Technology, Hardware, Software and Supplies","Stamford, Connecticut",,78814
363,PNC,PNC Financial Services,reports,Financials,Banks,"Pittsburgh, Pennsylvania",4/30/88,713676
364,RL,Polo Ralph Lauren Corp.,reports,Consumer Discretionary,"Apparel, Accessories & Luxury Goods","New York, New York",2/2/07,1037038
365,PPG,PPG Industries,reports,Materials,Diversified Chemicals,"Pittsburgh, Pennsylvania",,79879
366,PPL,PPL Corp.,reports,Utilities,Electric Utilities,"Allentown, Pennsylvania",,922224
367,PX,Praxair Inc.,reports,Materials,Industrial Gases,"Danbury, Connecticut",7/1/92,884905
368,PCLN,Priceline.com Inc,reports,Consumer Discretionary,Internet & Direct Marketing Retail,"Norwalk, Connecticut",11/6/09,1075531
369,PFG,Principal Financial Group,reports,Financials,Diversified Financial Services,"Des Moines, Iowa",,1126328
370,PG,Procter & Gamble,reports,Consumer Staples,Personal Products,"Cincinnati, Ohio",,80424
371,PGR,Progressive Corp.,reports,Financials,Property & Casualty Insurance,"Mayfield Village, Ohio",,80661
372,PLD,Prologis,reports,Real Estate,REITs,"San Francisco, California",,1045609
373,PRU,Prudential Financial,reports,Financials,Diversified Financial Services,"Newark, New Jersey",,1137774
374,PEG,Public Serv. Enterprise Inc.,reports,Utilities,Electric Utilities,"Newark, New Jersey",,788784
375,PSA,Public Storage,reports,Real Estate,REITs,"Glendale, California",,1393311
376,PHM,Pulte Homes Inc.,reports,Consumer Discretionary,Homebuilding,"Atlanta, Georgia",4/30/84,822416
377,PVH,PVH Corp.,reports,Consumer Discretionary,"Apparel, Accessories & Luxury Goods","New York, New York",2/15/13,78239
378,QRVO,Qorvo,reports,Information Technology,Semiconductors,"Greensboro, North Carolina",6/11/15,1604778
379,QCOM,QUALCOMM Inc.,reports,Information Technology,Semiconductors,"San Diego, California",,804328
380,PWR,Quanta Services Inc.,reports,Industrials,Industrial Conglomerates,"Houston, Texas",7/1/09,1050915
381,DGX,Quest Diagnostics,reports,Health Care,Health Care Facilities,"Madison, New Jersey",,1022079
382,RRC,Range Resources Corp.,reports,Energy,Oil & Gas Exploration & Production,"Fort Worth, Texas",12/21/07,315852
383,RTN,Raytheon Co.,reports,Industrials,Aerospace & Defense,"Waltham, Massachusetts",,1047122
384,O,Realty Income Corporation,reports,Real Estate,Retail REITs,"San Diego, California",4/7/15,726728
385,RHT,Red Hat Inc.,reports,Information Technology,Systems Software,"Raleigh, North Carolina",7/27/09,1087423
386,REGN,Regeneron,reports,Health Care,Biotechnology,"Tarrytown, New York",5/1/13,872589
387,RF,Regions Financial Corp.,reports,Financials,Diversified Financial Services,"Birmingham, Alabama",,1281761
388,RSG,Republic Services Inc,reports,Industrials,Industrial Conglomerates,"Phoenix, Arizona",12/5/08,1060391
389,RAI,Reynolds American Inc.,reports,Consumer Staples,Tobacco,"Winston-Salem, North Carolina",,1275283
390,RHI,Robert Half International,reports,Industrials,Human Resource & Employment Services,"Menlo Park, California",,315213
391,ROK,Rockwell Automation Inc.,reports,Industrials,Industrial Conglomerates,"Milwaukee, Wisconsin",,1024478
392,COL,Rockwell Collins,reports,Industrials,Industrial Conglomerates,"Cedar Rapids, Iowa",,1137411
393,ROP,Roper Industries,reports,Industrials,Industrial Conglomerates,"Sarasota, Florida",12/23/09,882835
394,ROST,Ross Stores,reports,Consumer Discretionary,Apparel Retail,"Pleasanton, California",12/21/09,745732
395,RCL,Royal Caribbean Cruises Ltd,reports,Consumer Discretionary,"Hotels, Resorts & Cruise Lines","Miami, Florida",12/5/14,884887
396,R,Ryder System,reports,Industrials,Industrial Conglomerates,"Miami, Florida",12/31/82,85961
397,SPGI,"S&P Global, Inc.",reports,Financials,Diversified Financial Services,"New York, New York",,64040
398,CRM,Salesforce.com,reports,Information Technology,Internet Software & Services,"San Francisco, California",9/15/08,1108524
399,SCG,SCANA Corp,reports,Utilities,MultiUtilities,"Cayce, South Carolina",1/2/09,754737
400,SLB,Schlumberger Ltd.,reports,Energy,Oil & Gas Equipment & Services,"Cura̤ao, Kingdom of the Netherlands",3/31/65,87347
401,SNI,Scripps Networks Interactive Inc.,reports,Consumer Discretionary,Broadcasting & Cable TV,"Cincinnati, Ohio",7/1/08,1430602
402,STX,Seagate Technology,reports,Information Technology,Computer Storage & Peripherals,"Dublin, Ireland",7/2/12,1137789
403,SEE,Sealed Air,reports,Materials,Paper Packaging,"Elmwood Park, New Jersey",,1012100
404,SRE,Sempra Energy,reports,Utilities,MultiUtilities,"San Diego, California",,1032208
405,SHW,Sherwin-Williams,reports,Materials,Specialty Chemicals,"Cleveland, Ohio",6/30/64,89800
406,SIG,Signet Jewelers,reports,Consumer Discretionary,Specialty Stores,"Hamilton, Bermuda",7/29/15,832988
407,SPG,Simon Property Group Inc,reports,Real Estate,REITs,"Indianapolis, Indiana",,1063761
408,SWKS,Skyworks Solutions,reports,Information Technology,Semiconductors,"Woburn, Massachusetts",3/12/15,4127
409,SLG,SL Green Realty,reports,Real Estate,Office REITs,"New York, New York",3/20/15,1040971
410,SNA,Snap-On Inc.,reports,Consumer Discretionary,Household Appliances,"Kenosha, Wisconsin",9/30/82,91440
411,SO,Southern Co.,reports,Utilities,Electric Utilities,"Atlanta, Georgia",,92122
412,LUV,Southwest Airlines,reports,Industrials,Airlines,"Dallas, Texas",7/1/94,92380
413,SWN,Southwestern Energy,reports,Energy,Oil & Gas Exploration & Production,"Houston, Texas[6]",6/6/08,7332
414,SE,Spectra Energy Corp.,reports,Energy,Oil & Gas Refining & Marketing & Transportation,"Houston, Texas",,1373835
415,SWK,Stanley Black & Decker,reports,Consumer Discretionary,Household Appliances,"New Britain, Connecticut",9/30/82,93556
416,SPLS,Staples Inc.,reports,Consumer Discretionary,Specialty Stores,"Framingham, Massachusetts",,791519
417,SBUX,Starbucks Corp.,reports,Consumer Discretionary,Restaurants,"Seattle, Washington",,829224
418,STT,State Street Corp.,reports,Financials,Diversified Financial Services,"Boston, Massachusetts",,93751
419,SRCL,Stericycle Inc,reports,Industrials,Industrial Conglomerates,"Lake Forest, Illinois",11/19/08,861878
420,SYK,Stryker Corp.,reports,Health Care,Health Care Equipment,"Kalamazoo, Michigan",,310764
421,STI,SunTrust Banks,reports,Financials,Banks,"Atlanta, Georgia",5/31/88,750556
422,SYMC,Symantec Corp.,reports,Information Technology,Application Software,"Mountain View, California",3/25/03,849399
423,SYF,Synchrony Financial,reports,Financials,Consumer Finance,"Stamford, Connecticut",11/18/15,1601712
424,SYY,Sysco Corp.,reports,Consumer Staples,Food Distributors,"Houston, Texas",12/31/86,96021
425,TROW,T. Rowe Price Group,reports,Financials,Diversified Financial Services,"Baltimore, Maryland",,1113169
426,TGT,Target Corp.,reports,Consumer Discretionary,General Merchandise Stores,"Minneapolis, Minnesota",12/31/76,27419
427,TEL,TE Connectivity Ltd.,reports,Information Technology,Electronic Manufacturing Services,"Schaffhausen, Switzerland",10/17/11,1385157
428,TGNA,"Tegna, Inc.",reports,Consumer Discretionary,Publishing,"McLean, Virginia",12/31/75,39899
429,TDC,Teradata Corp.,reports,Information Technology,Application Software,"Miamisburg, Ohio",10/1/07,816761
430,TSO,Tesoro Petroleum Co.,reports,Energy,Oil & Gas Refining & Marketing & Transportation,"San Antonio, Texas",9/27/07,50104
431,TXN,Texas Instruments,reports,Information Technology,Semiconductors,"Dallas, Texas",,97476
432,TXT,Textron Inc.,reports,Industrials,Industrial Conglomerates,"Providence, Rhode Island",12/31/78,217346
433,BK,The Bank of New York Mellon Corp.,reports,Financials,Banks,"New York, New York",,1390777
434,CLX,The Clorox Company,reports,Consumer Staples,Household Products,"Oakland, California",3/31/69,21076
435,COO,The Cooper Companies,reports,Health Care,Health Care Supplies,"Pleasanton, California",9/23/16,711404
436,HSY,The Hershey Company,reports,Consumer Staples,Packaged Foods & Meats,"Hershey, Pennsylvania",,47111
437,MOS,The Mosaic Company,reports,Materials,Fertilizers & Agricultural Chemicals,"Plymouth, Minnesota",9/26/11,1285785
438,TRV,The Travelers Companies Inc.,reports,Financials,Property & Casualty Insurance,"New York, New York",,86312
439,DIS,The Walt Disney Company,reports,Consumer Discretionary,Broadcasting & Cable TV,"Burbank, California",6/30/76,1001039
440,TMO,Thermo Fisher Scientific,reports,Health Care,Health Care Equipment,"Waltham, Massachusetts",,97745
441,TIF,Tiffany & Co.,reports,Consumer Discretionary,"Apparel, Accessories & Luxury Goods","New York, New York",,98246
442,TWX,Time Warner Inc.,reports,Consumer Discretionary,Broadcasting & Cable TV,"New York, New York",,1105705
443,TJX,TJX Companies Inc.,reports,Consumer Discretionary,Apparel Retail,"Framingham, Massachusetts",9/30/85,109198
444,TMK,Torchmark Corp.,reports,Financials,Life & Health Insurance,"McKinney, Texas",4/30/89,320335
445,TSS,Total System Services,reports,Information Technology,Internet Software & Services,"Columbus, Georgia",1/2/08,721683
446,TSCO,Tractor Supply Company,reports,Consumer Discretionary,Specialty Retail,"Brentwood, Tennessee",1/24/14,916365
447,TDG,TransDigm Group,reports,Industrials,Aerospace & Defense,"Cleveland, Ohio",6/3/16,1260221
448,RIG,Transocean,reports,Energy,Oil & Gas Drilling,"Vernier, Switzerland",10/29/13,1451505
449,TRIP,TripAdvisor,reports,Consumer Discretionary,Internet & Direct Marketing Retail,"Newton, Massachusetts",12/21/11,1526520
450,FOXA,Twenty-First Century Fox Class A,reports,Consumer Discretionary,Publishing,"New York, New York",7/1/13,1308161
451,FOX,Twenty-First Century Fox Class B,reports,Consumer Discretionary,Publishing,"New York, New York",9/18/15,1308161
452,TSN,Tyson Foods,reports,Consumer Staples,Packaged Foods & Meats,"Springdale, Arkansas",,100493
453,USB,U.S. Bancorp,reports,Financials,Banks,"Minneapolis, Minnesota",,36104
454,UDR,UDR Inc,reports,Real Estate,Residential REITs,"Highlands Ranch, Colorado",3/7/16,74208
455,ULTA,Ulta Salon Cosmetics & Fragrance Inc,reports,Consumer Discretionary,Specialty Stores,"Bolingbrook, Illinois",4/18/16,1403568
456,UA,Under Armour,reports,Consumer Discretionary,"Apparel, Accessories & Luxury Goods","Baltimore, Maryland",5/1/14,1336917
457,UAA,Under Armour,reports,Consumer Discretionary,"Apparel, Accessories & Luxury Goods","Baltimore, Maryland",3/25/16,1336917
458,UNP,Union Pacific,reports,Industrials,Railroads,"Omaha, Nebraska",,100885
459,UAL,United Continental Holdings,reports,Industrials,Airlines,"Chicago, Illinois",9/3/15,100517
460,UNH,United Health Group Inc.,reports,Health Care,Managed Health Care,"Minnetonka, Minnesota",7/1/94,731766
461,UPS,United Parcel Service,reports,Industrials,Air Freight & Logistics,"Atlanta, Georgia",,1090727
462,URI,"United Rentals, Inc.",reports,Industrials,Trading Companies & Distributors,"Stamford, Connecticut",9/20/14,1067701
463,UTX,United Technologies,reports,Industrials,Industrial Conglomerates,"Hartford, Connecticut",,101829
464,UHS,"Universal Health Services, Inc.",reports,Health Care,Health Care Facilities,"King of Prussia, Pennsylvania",9/20/14,352915
465,UNM,Unum Group,reports,Financials,Diversified Financial Services,"Chattanooga, Tennessee",3/1/94,5513
466,URBN,Urban Outfitters,reports,Consumer Discretionary,Apparel Retail,"Philadelphia, Pennsylvania",2/8/10,912615
467,VFC,V.F. Corp.,reports,Consumer Discretionary,"Apparel, Accessories & Luxury Goods","Greensboro, North Carolina",6/30/79,103379
468,VLO,Valero Energy,reports,Energy,Oil & Gas Refining & Marketing & Transportation,"San Antonio, Texas",,1035002
469,VAR,Varian Medical Systems,reports,Health Care,Health Care Equipment,"Palo Alto, California",2/12/07,203527
470,VTR,Ventas Inc,reports,Real Estate,REITs,"Chicago, Illinois",3/4/09,740260
471,VRSN,Verisign Inc.,reports,Information Technology,Internet Software & Services,"Dulles, Virginia",,1014473
472,VRSK,Verisk Analytics,reports,Industrials,Research & Consulting Services,"Jersey City, New Jersey",10/8/15,1442145
473,VZ,Verizon Communications,reports,Telecommunications Services,Integrated Telecommunications Services,"New York, New York",11/30/83,732712
474,VRTX,Vertex Pharmaceuticals Inc,reports,Health Care,Biotechnology,"Cambridge, Massachusetts",9/23/13,875320
475,VIAB,Viacom Inc.,reports,Consumer Discretionary,Broadcasting & Cable TV,"New York, New York",,1339947
476,V,Visa Inc.,reports,Information Technology,Internet Software & Services,"San Francisco, California",12/21/09,1403161
477,VNO,Vornado Realty Trust,reports,Real Estate,REITs,"New York, New York",,899689
478,VMC,Vulcan Materials,reports,Materials,Construction Materials,"Birmingham, Alabama",,1396009
479,WMT,Wal-Mart Stores,reports,Consumer Staples,Hypermarkets & Super Centers,"Bentonville, Arkansas",8/31/82,104169
480,WBA,Walgreens Boots Alliance,reports,Consumer Staples,Drug Retail,"Deerfield, Illinois",12/31/79,1618921
481,WM,Waste Management Inc.,reports,Industrials,Environmental Services,"Houston, Texas",,823768
482,WAT,Waters Corporation,reports,Health Care,Health Care Distributors,"Milford, Massachusetts",,1000697
483,WEC,Wec Energy Group Inc,reports,Utilities,Electric Utilities,"Milwaukee, Wisconsin",10/31/08,783325
484,WFC,Wells Fargo,reports,Financials,Banks,"San Francisco, California",6/30/76,72971
485,HCN,Welltower Inc.,reports,Real Estate,REITs,"Toledo, Ohio",1/30/09,766704
486,WDC,Western Digital,reports,Information Technology,Computer Storage & Peripherals,"Irvine, California",7/1/09,106040
487,WU,Western Union Co,reports,Information Technology,Internet Software & Services,"Englewood, Colorado",,1365135
488,WRK,WestRock Company,reports,Materials,Paper Packaging,"Richmond, Virginia",,1636023
489,WY,Weyerhaeuser Corp.,reports,Real Estate,REITs,"Federal Way, Washington",,106535
490,WHR,Whirlpool Corp.,reports,Consumer Discretionary,Household Appliances,"Benton Harbor, Michigan",,106640
491,WFM,Whole Foods Market,reports,Consumer Staples,Food Retail,"Austin, Texas",,865436
492,WMB,Williams Cos.,reports,Energy,Oil & Gas Exploration & Production,"Tulsa, Oklahoma",3/31/75,107263
493,WLTW,Willis Towers Watson,reports,Financials,Insurance Brokers,"London, United Kingdom",1/5/16,1140536
494,WYN,Wyndham Worldwide,reports,Consumer Discretionary,"Hotels, Resorts & Cruise Lines","Parsippany, New Jersey",,1361658
495,WYNN,Wynn Resorts Ltd,reports,Consumer Discretionary,Casinos & Gaming,"Las Vegas, Nevada",11/14/08,1174922
496,XEL,Xcel Energy Inc,reports,Utilities,MultiUtilities,"Minneapolis, Minnesota",,72903
497,XRX,Xerox Corp.,reports,Information Technology,IT Consulting & Other Services,"Norwalk, Connecticut",,108772
498,XLNX,Xilinx Inc,reports,Information Technology,Semiconductors,"San Jose, California",,743988
499,XL,XL Capital,reports,Financials,Property & Casualty Insurance,"Hamilton, Bermuda",,875159
500,XYL,Xylem Inc.,reports,Industrials,Industrial Conglomerates,"White Plains, New York",11/1/11,1524472
501,YHOO,Yahoo Inc.,reports,Information Technology,Internet Software & Services,"Sunnyvale, California",,1011006
502,YUM,Yum! Brands Inc,reports,Consumer Discretionary,Restaurants,"Louisville, Kentucky",10/6/97,1041061
503,ZBH,Zimmer Biomet Holdings,reports,Health Care,Health Care Equipment,"Warsaw, Indiana",,1136869
504,ZION,Zions Bancorp,reports,Financials,Regional Banks,"Salt Lake City, Utah",,109380
505,ZTS,Zoetis,reports,Health Care,Pharmaceuticals,"Florham Park, New Jersey",6/21/13,1555280